{
  "model": "deepseek-v3.2",
  "condition": "cot",
  "total_calls": 15000,
  "total_time_sec": 65342.685242414474,
  "calls_per_sec": 0.22955897732625435,
  "error_rate": 0.0002,
  "summary": {
    "theta_0.00": {
      "theta": 0.0,
      "accuracy": 0.9712,
      "s1_match_rate": 0.9712,
      "s2_match_rate": 0.9712,
      "total_calls": 2500,
      "total_correct": 2428,
      "regret_per_step": 0.028800000000000048,
      "total_regret": 72,
      "mean_seed_accuracy": 0.9712,
      "std_seed_accuracy": 0.008438009243891601
    },
    "theta_0.10": {
      "theta": 0.1,
      "accuracy": 0.9412,
      "s1_match_rate": 0.9412,
      "s2_match_rate": 0.9132,
      "total_calls": 2500,
      "total_correct": 2353,
      "regret_per_step": 0.05879999999999996,
      "total_regret": 147,
      "mean_seed_accuracy": 0.9411999999999999,
      "std_seed_accuracy": 0.0036331804249169534
    },
    "theta_0.20": {
      "theta": 0.2,
      "accuracy": 0.9008,
      "s1_match_rate": 0.9008,
      "s2_match_rate": 0.8636,
      "total_calls": 2500,
      "total_correct": 2252,
      "regret_per_step": 0.09919999999999995,
      "total_regret": 248,
      "mean_seed_accuracy": 0.9008,
      "std_seed_accuracy": 0.01741263908774315
    },
    "theta_0.30": {
      "theta": 0.3,
      "accuracy": 0.8588,
      "s1_match_rate": 0.8588,
      "s2_match_rate": 0.7932,
      "total_calls": 2500,
      "total_correct": 2147,
      "regret_per_step": 0.1412,
      "total_regret": 353,
      "mean_seed_accuracy": 0.8587999999999999,
      "std_seed_accuracy": 0.021475567512873807
    },
    "theta_0.40": {
      "theta": 0.4,
      "accuracy": 0.8392,
      "s1_match_rate": 0.8392,
      "s2_match_rate": 0.7264,
      "total_calls": 2500,
      "total_correct": 2098,
      "regret_per_step": 0.16080000000000005,
      "total_regret": 402,
      "mean_seed_accuracy": 0.8392,
      "std_seed_accuracy": 0.024108089928486686
    },
    "theta_0.50": {
      "theta": 0.5,
      "accuracy": 0.8144,
      "s1_match_rate": 0.8144,
      "s2_match_rate": 0.65,
      "total_calls": 2500,
      "total_correct": 2036,
      "regret_per_step": 0.1856,
      "total_regret": 464,
      "mean_seed_accuracy": 0.8144,
      "std_seed_accuracy": 0.011523888232710302
    }
  }
}