{
  "model": "qwen3-235b",
  "condition": "cot",
  "total_calls": 15000,
  "total_time_sec": 7239.452919483185,
  "calls_per_sec": 2.0719797706856045,
  "error_rate": 0.0,
  "summary": {
    "theta_0.00": {
      "theta": 0.0,
      "accuracy": 1.0,
      "s1_match_rate": 1.0,
      "s2_match_rate": 1.0,
      "total_calls": 2500,
      "total_correct": 2500,
      "regret_per_step": 0.0,
      "total_regret": 0,
      "mean_seed_accuracy": 1.0,
      "std_seed_accuracy": 0.0
    },
    "theta_0.10": {
      "theta": 0.1,
      "accuracy": 1.0,
      "s1_match_rate": 1.0,
      "s2_match_rate": 0.8976,
      "total_calls": 2500,
      "total_correct": 2500,
      "regret_per_step": 0.0,
      "total_regret": 0,
      "mean_seed_accuracy": 1.0,
      "std_seed_accuracy": 0.0
    },
    "theta_0.20": {
      "theta": 0.2,
      "accuracy": 0.9996,
      "s1_match_rate": 0.9996,
      "s2_match_rate": 0.812,
      "total_calls": 2500,
      "total_correct": 2499,
      "regret_per_step": 0.00039999999999995595,
      "total_regret": 1,
      "mean_seed_accuracy": 0.9996,
      "std_seed_accuracy": 0.0008944271909999167
    },
    "theta_0.30": {
      "theta": 0.3,
      "accuracy": 0.9996,
      "s1_match_rate": 0.9996,
      "s2_match_rate": 0.7004,
      "total_calls": 2500,
      "total_correct": 2499,
      "regret_per_step": 0.00039999999999995595,
      "total_regret": 1,
      "mean_seed_accuracy": 0.9996,
      "std_seed_accuracy": 0.0008944271909999166
    },
    "theta_0.40": {
      "theta": 0.4,
      "accuracy": 0.9992,
      "s1_match_rate": 0.9992,
      "s2_match_rate": 0.6016,
      "total_calls": 2500,
      "total_correct": 2498,
      "regret_per_step": 0.0008000000000000229,
      "total_regret": 2,
      "mean_seed_accuracy": 0.9992000000000001,
      "std_seed_accuracy": 0.0017888543819998331
    },
    "theta_0.50": {
      "theta": 0.5,
      "accuracy": 0.9992,
      "s1_match_rate": 0.9992,
      "s2_match_rate": 0.4916,
      "total_calls": 2500,
      "total_correct": 2498,
      "regret_per_step": 0.0008000000000000229,
      "total_regret": 2,
      "mean_seed_accuracy": 0.9992000000000001,
      "std_seed_accuracy": 0.0010954451150103333
    }
  }
}